INSERT INTO identificacao 
VALUES     (1234567, 
            100100100, 
            'Antonio Silva', 
            '02/02/1991', 
            'Portugal', 
            'Abrantes', 
            'Rua da esquina', 
            '2000-012', 
            'M', 
            '23'); 

INSERT INTO identificacao 
VALUES     (1234566, 
            100100101, 
            'Imaculada Albertina', 
            '02/02/1981', 
            'Espanha', 
            'Madrid', 
            'Rua dali', 
            '3000-020', 
            'M', 
            '33'); 

INSERT INTO identificacao 
VALUES     (1234565, 
            100100102, 
            'Joana Joaquim', 
            '02/02/1971', 
            'Holanda', 
            'Amsterdam', 
            'Rua Ta tudo', 
            '3000-032', 
            'F', 
            '43'); 

INSERT INTO identificacao 
VALUES     (1234564, 
            100100103, 
            'Paula Santos', 
            '02/02/1961', 
            'Escocia', 
            'Edimburg', 
            'Rua do castelo', 
            '6000-200', 
            'F', 
            '53'); 

INSERT INTO identificacao 
VALUES     (1234563, 
            100100104, 
            'Cesar Figueira', 
            '02/02/1951', 
            'França', 
            'Paris', 
            'Rua Saint qualquer coisa', 
            '2000-011', 
            'F', 
            '63'); 

INSERT INTO identificacao 
VALUES     (1234562, 
            100100105, 
            'Jon Doe', 
            '02/02/1941', 
            'Estados Unidos', 
            'New York', 
            'Rua nada', 
            '2000-012', 
            'M', 
            '73'); 

INSERT INTO identificacao 
VALUES     (1234561, 
            100100106, 
            'Jonh Jonhson', 
            '02/02/1931', 
            'Inglaterra', 
            'London', 
            'Rua de outra coisa', 
            '5000-012', 
            'M', 
            '83'); 

INSERT INTO identificacao 
VALUES     (1234560, 
            100100107, 
            'Mario Super', 
            '02/02/1921', 
            'Italia', 
            'Rome', 
            'Rua da pizza', 
            '2000-012', 
            'M', 
            '93'); 

INSERT INTO identificacao 
VALUES     (1234557, 
            100100108, 
            'Jacqueline Ant', 
            '02/02/1911', 
            'Suiça', 
            'Neuchatel', 
            'Rua do queijo', 
            '3240-012', 
            'F', 
            '103'); 

INSERT INTO identificacao 
VALUES     (1234547, 
            100100109, 
            'Wory Wonk', 
            '02/02/1994', 
            'Dinamarca', 
            'Copenhage', 
            'Rua do frio', 
            '2200-012', 
            'F', 
            '20'); 

INSERT INTO identificacao 
VALUES     (1234568, 
            100100110, 
            'Antonio Silva', 
            '02/02/1991', 
            'Portugal', 
            'Abrantes', 
            'Rua da esquina', 
            '2000-062', 
            'M', 
            '23'); 

INSERT INTO identificacao 
VALUES     (1234569, 
            100100111, 
            'Antonia da Silva', 
            '02/02/1991', 
            'Portugal', 
            'Abrantes', 
            'Rua da esquino', 
            '2000-032', 
            'F', 
            '23'); 

INSERT INTO identificacao 
VALUES     (1234570, 
            100100112, 
            'Jaquino Silva', 
            '02/02/1991', 
            'Portugal', 
            'Abrantes', 
            'Rua da cena', 
            '2000-002', 
            'M', 
            '23'); 

INSERT INTO identificacao 
VALUES     (1234571, 
            100100113, 
            'Anácio Silva', 
            '02/02/1991', 
            'Portugal', 
            'Abrantes', 
            'Rua diferente das outras', 
            '2000-042', 
            'M', 
            '23'); 

INSERT INTO identificacao 
VALUES     (1234572, 
            100100114, 
            'Joca Silva', 
            '02/02/1991', 
            'Portugal', 
            'Abrantes', 
            'Rua onde vivo', 
            '2000-022', 
            'M', 
            '23'); 

INSERT INTO balcao 
VALUES     (0, 
            200200200, 
            'Banco Lisboa', 
            '8h-10h e 13h00h', 
            'Portugal', 
            'Lisboa', 
            'Rua do banco', 
            '2000-012', 
            'todos', 
            0); 

INSERT INTO balcao 
VALUES     (1, 
            200200201, 
            'Banco Lisboa novo', 
            '6h-11h e 18h00h', 
            'Portugal', 
            'Lisboa', 
            'Rua do banco', 
            '2000-012', 
            'todos', 
            1); 

INSERT INTO balcao 
VALUES     (2, 
            200200202, 
            'Banco Porto', 
            '8h-10h e 13h16h', 
            'Portugal', 
            'Porto', 
            'Rua do banco', 
            '2000-012', 
            'todos', 
            2); 

INSERT INTO balcao 
VALUES     (3, 
            200200203, 
            'Banco Porto novo', 
            '6h-11h e 18h00h', 
            'Portugal', 
            'Porto', 
            'Rua do banco', 
            '2000-012', 
            'todos', 
            3); 

INSERT INTO balcao 
VALUES     (4, 
            200200204, 
            'Banco Madrid', 
            '8h-10h e 20h00h', 
            'Espanha', 
            'Espanha', 
            'Rua do banco', 
            '2000-012', 
            'todos', 
            4); 

INSERT INTO balcao 
VALUES     (5, 
            200200205, 
            'Banco Abrantes', 
            '5h-10h e 19h00h', 
            'Portugal', 
            'Abrantes', 
            'Rua do banco', 
            '2000-012', 
            'todos', 
            5); 

INSERT INTO balcao 
VALUES     (6, 
            200200206, 
            'Banco Paris', 
            '8h-10h e 13h00h', 
            'França', 
            'Paris', 
            'Rua do banco', 
            '2000-012', 
            'todos', 
            6); 

INSERT INTO balcao 
VALUES     (7, 
            200200207, 
            'Banco Madrid novo', 
            '8h-10h e 13h16h', 
            'Espanha', 
            'Madrid', 
            'Rua do banco', 
            '2000-012', 
            'todos', 
            7); 

INSERT INTO balcao 
VALUES     (8, 
            200200208, 
            'Banco London', 
            '8h-10h e 13h16h', 
            'Inglaterra', 
            'London', 
            'Rua do banco', 
            '2000-012', 
            'todos', 
            8); 

INSERT INTO balcao 
VALUES     (9, 
            200200209, 
            'Banco New York', 
            '7h-10h e 13h30h', 
            'Estados Unidos', 
            'New York', 
            'Rua do banco', 
            '2000-012', 
            'todos', 
            9); 

INSERT INTO cliente 
VALUES     (1234567, 
            0, 
            0, 
            0, 
            'Portugal', 
            0, 
            'nenhum', 
            'Professor', 
            'Banco Lisboa', 
            'Solteiro', 
            'B.I', 
            0, 
            'Portugal', 
            '02/02/2000'); 

INSERT INTO cliente 
VALUES     (1234566, 
            1, 
            1, 
            1, 
            'Portugal', 
            1, 
            'nenhum', 
            'Atleta', 
            'Banco Porto', 
            'Solteiro', 
            'B.I', 
            1, 
            'Portugal', 
            '02/02/2000'); 

INSERT INTO cliente 
VALUES     (1234565, 
            2, 
            2, 
            2, 
            'Portugal', 
            2, 
            'nenhum', 
            'Pintor', 
            'Banco Madrid', 
            'Solteiro', 
            'B.I', 
            2, 
            'Portugal', 
            '02/02/2000'); 

INSERT INTO cliente 
VALUES     (1234564, 
            3, 
            3, 
            3, 
            'Portugal', 
            3, 
            'nenhum', 
            'Musico', 
            'Banco Lisboa novo', 
            'Solteiro', 
            'B.I', 
            3, 
            'Portugal', 
            '02/02/2000'); 

INSERT INTO cliente 
VALUES     (1234563, 
            4, 
            4, 
            4, 
            'Portugal', 
            4, 
            'nenhum', 
            'Universitario', 
            'Banco Lisboa', 
            'Solteiro', 
            'B.I', 
            4, 
            'Portugal', 
            '02/02/2000'); 

INSERT INTO cliente 
VALUES     (1234568, 
            5, 
            5, 
            5, 
            'Portugal', 
            5, 
            'nenhum', 
            'Professor', 
            'Banco Lisboa', 
            'Solteiro', 
            'B.I', 
            5, 
            'Portugal', 
            '02/02/2000'); 

INSERT INTO cliente 
VALUES     (1234569, 
            6, 
            6, 
            6, 
            'Portugal', 
            6, 
            'nenhum', 
            'Atleta', 
            'Banco Porto', 
            'Solteira', 
            'B.I', 
            6, 
            'Portugal', 
            '02/02/2000'); 

INSERT INTO cliente 
VALUES     (1234570, 
            7, 
            7, 
            7, 
            'Portugal', 
            7, 
            'nenhum', 
            'Pintor', 
            'Banco Madrid', 
            'Casado', 
            'B.I', 
            7, 
            'Portugal', 
            '02/02/2000'); 

INSERT INTO cliente 
VALUES     (1234571, 
            8, 
            8, 
            8, 
            'Portugal', 
            8, 
            'nenhum', 
            'Musico', 
            'Banco Lisboa novo', 
            'Solteiro', 
            'B.I', 
            8, 
            'Portugal', 
            '02/02/2000'); 

INSERT INTO cliente 
VALUES     (1234572, 
            9, 
            9, 
            9, 
            'Portugal', 
            9, 
            'nenhum', 
            'Universitario', 
            'Banco Lisboa', 
            'Solteiro', 
            'B.I', 
            9, 
            'Portugal', 
            '02/02/2000'); 

INSERT INTO funcionario 
VALUES     (1234562, 
            0, 
            '8h-16h', 
            'Caixa', 
            100, 
            'Banco Lisboa', 
            0); 

INSERT INTO funcionario 
VALUES     (1234561, 
            1, 
            '8h-16h', 
            'Contabilista', 
            200, 
            'Banco Lisboa nova', 
            1); 

INSERT INTO funcionario 
VALUES     (1234560, 
            2, 
            '8h-16h', 
            'Supervisor', 
            1000, 
            'Banco Madrid', 
            4); 

INSERT INTO funcionario 
VALUES     (1234557, 
            3, 
            '8h-16h', 
            'Gerente', 
            2000, 
            'Banco Porto', 
            2); 

INSERT INTO funcionario 
VALUES     (1234547, 
            4, 
            '8h-16h', 
            'Caixa', 
            100, 
            'Banco Abrantes', 
            5); 

INSERT INTO conta 
VALUES     (0, 
            'Poupança', 
            'Banco Lisboa', 
            500000); 

INSERT INTO conta 
VALUES     (1, 
            'Investimento', 
            'Banco Lisboa nova', 
            600000); 

INSERT INTO conta 
VALUES     (2, 
            'Poupança', 
            'Banco Porto', 
            700000); 

INSERT INTO conta 
VALUES     (3, 
            'Investimento', 
            'Banco Porto nova', 
            800000); 

INSERT INTO conta 
VALUES     (4, 
            'Poupança', 
            'Banco Madrid', 
            300450); 

INSERT INTO conta 
VALUES     (5, 
            'Poupança', 
            'Banco Madrid nova', 
            400000); 

INSERT INTO conta 
VALUES     (6, 
            'Poupança', 
            'Banco Abrantes', 
            300000); 

INSERT INTO conta 
VALUES     (7, 
            'Poupança', 
            'Banco Lisboa', 
            900000); 

INSERT INTO conta 
VALUES     (8, 
            'Poupança', 
            'Banco Lisboa', 
            1200000); 

INSERT INTO conta 
VALUES     (9, 
            'Poupança', 
            'Banco London', 
            100000); 

INSERT INTO operacao 
VALUES     (0, 
            'transferencia', 
            '02/03/2014', 
            '18:10:10 PM', 
            1234562); 

INSERT INTO operacao 
VALUES     (1, 
            'transferencia', 
            '02/03/2014', 
            '10:10:10 AM', 
            1234562); 

INSERT INTO operacao 
VALUES     (2, 
            'transferencia', 
            '02/03/2014', 
            '10:10:10 AM', 
            1234562); 

INSERT INTO operacao 
VALUES     (3, 
            'transferencia', 
            '02/03/2014', 
            '10:10:10 AM', 
            1234562); 

INSERT INTO operacao 
VALUES     (4, 
            'transferencia', 
            '02/03/2014', 
            '10:10:10 AM', 
            1234562); 

INSERT INTO operacao 
VALUES     (5, 
            'transferencia', 
            '02/03/2014', 
            '10:10:10 AM', 
            1234562); 

INSERT INTO operacao 
VALUES     (6, 
            'transferencia', 
            '02/03/2014', 
            '8:10:10 AM', 
            1234562); 

INSERT INTO operacao 
VALUES     (7, 
            'transferencia', 
            '02/03/2014', 
            '10:10:10 AM', 
            1234562); 

INSERT INTO operacao 
VALUES     (8, 
            'transferencia', 
            '02/03/2014', 
            '14:20:10 PM', 
            1234562); 

INSERT INTO operacao 
VALUES     (9, 
            'transferencia', 
            '02/03/2014', 
            '10:10:10 AM', 
            1234562); 

INSERT INTO operacao 
VALUES     (10, 
            'levantamento', 
            '02/03/2014', 
            '10:10:10 AM', 
            1234562); 

INSERT INTO operacao 
VALUES     (11, 
            'levantamento', 
            '02/03/2014', 
            '10:10:10 AM', 
            1234562); 

INSERT INTO operacao 
VALUES     (12, 
            'levantamento', 
            '02/03/2014', 
            '10:10:10 AM', 
            1234562); 

INSERT INTO operacao 
VALUES     (13, 
            'levantamento', 
            '02/03/2014', 
            '10:10:10 AM', 
            1234562); 

INSERT INTO operacao 
VALUES     (14, 
            'levantamento', 
            '02/03/2014', 
            '10:10:10 AM', 
            1234562); 

INSERT INTO operacao 
VALUES     (15, 
            'levantamento', 
            '02/03/2014', 
            '10:10:10 AM', 
            1234562); 

INSERT INTO operacao 
VALUES     (16, 
            'levantamento', 
            '02/03/2014', 
            '10:10:10 AM', 
            1234562); 

INSERT INTO operacao 
VALUES     (17, 
            'levantamento', 
            '02/03/2014', 
            '10:10:10 AM', 
            1234562); 

INSERT INTO operacao 
VALUES     (18, 
            'levantamento', 
            '02/03/2014', 
            '10:10:10 AM', 
            1234561); 

INSERT INTO operacao 
VALUES     (19, 
            'levantamento', 
            '02/03/2014', 
            '10:10:10 PM', 
            1234561); 

INSERT INTO operacao 
VALUES     (20, 
            'emprestimo', 
            '02/03/2014', 
            '11:10:10 AM', 
            1234560); 

INSERT INTO operacao 
VALUES     (21, 
            'emprestimo', 
            '02/05/2014', 
            '10:10:10 PM', 
            1234560); 

INSERT INTO operacao 
VALUES     (22, 
            'emprestimo', 
            '02/05/2014', 
            '10:10:10 AM', 
            1234560); 

INSERT INTO operacao 
VALUES     (23, 
            'emprestimo', 
            '02/05/2014', 
            '10:10:10 AM', 
            1234562); 

INSERT INTO operacao 
VALUES     (24, 
            'emprestimo', 
            '02/05/2014', 
            '10:10:10 PM', 
            1234560); 

INSERT INTO operacao 
VALUES     (25, 
            'emprestimo', 
            '02/05/2014', 
            '10:10:10 AM', 
            1234562); 

INSERT INTO operacao 
VALUES     (26, 
            'emprestimo', 
            '02/04/2014', 
            '10:10:10 PM', 
            1234562); 

INSERT INTO operacao 
VALUES     (27, 
            'emprestimo', 
            '02/04/2014', 
            '10:10:10 AM', 
            1234562); 

INSERT INTO operacao 
VALUES     (28, 
            'emprestimo', 
            '02/04/2014', 
            '10:10:10 PM', 
            1234561); 

INSERT INTO operacao 
VALUES     (29, 
            'emprestimo', 
            '02/04/2014', 
            '10:10:10 PM', 
            1234561); 

INSERT INTO operacao 
VALUES     (30, 
            'deposito', 
            '02/04/2014', 
            '10:10:10 PM', 
            1234561); 

INSERT INTO transferencia 
VALUES     (0, 
            0, 
            2, 
            1, 
            10000); 

INSERT INTO transferencia 
VALUES     (1, 
            1, 
            0, 
            1, 
            1000); 

INSERT INTO transferencia 
VALUES     (2, 
            2, 
            0, 
            1, 
            20000); 

INSERT INTO transferencia 
VALUES     (3, 
            3, 
            0, 
            1, 
            3000000); 

INSERT INTO transferencia 
VALUES     (4, 
            4, 
            9, 
            1, 
            1); 

INSERT INTO transferencia 
VALUES     (5, 
            5, 
            3, 
            1, 
            10); 

INSERT INTO transferencia 
VALUES     (6, 
            6, 
            4, 
            1, 
            1000); 

INSERT INTO transferencia 
VALUES     (7, 
            7, 
            0, 
            1, 
            11000); 

INSERT INTO transferencia 
VALUES     (8, 
            8, 
            0, 
            1, 
            12000); 

INSERT INTO transferencia 
VALUES     (9, 
            9, 
            9, 
            1, 
            13000); 

INSERT INTO levantamento 
VALUES     (10, 
            0, 
            100, 
            0); 

INSERT INTO levantamento 
VALUES     (11, 
            1, 
            1000, 
            1); 

INSERT INTO levantamento 
VALUES     (12, 
            2, 
            10000, 
            2); 

INSERT INTO levantamento 
VALUES     (13, 
            3, 
            10010, 
            3); 

INSERT INTO levantamento 
VALUES     (14, 
            4, 
            2000, 
            4); 

INSERT INTO levantamento 
VALUES     (15, 
            5, 
            100, 
            5); 

INSERT INTO levantamento 
VALUES     (16, 
            6, 
            1, 
            6); 

INSERT INTO levantamento 
VALUES     (17, 
            7, 
            500, 
            7); 

INSERT INTO levantamento 
VALUES     (18, 
            8, 
            5000, 
            8); 

INSERT INTO levantamento 
VALUES     (19, 
            9, 
            1000000000, 
            9); 

INSERT INTO emprestimo 
VALUES     (20, 
            0, 
            1, 
            0, 
            10000, 
            'Casa'); 

INSERT INTO emprestimo 
VALUES     (21, 
            1, 
            10, 
            1, 
            1000, 
            'Carro'); 

INSERT INTO emprestimo 
VALUES     (22, 
            2, 
            1, 
            2, 
            1000000, 
            'Casa'); 

INSERT INTO emprestimo 
VALUES     (23, 
            3, 
            10, 
            3, 
            10000, 
            'Carro'); 

INSERT INTO emprestimo 
VALUES     (24, 
            4, 
            2, 
            4, 
            10000, 
            'Universidade'); 

INSERT INTO emprestimo 
VALUES     (25, 
            5, 
            1, 
            5, 
            10000, 
            'Casa'); 

INSERT INTO emprestimo 
VALUES     (26, 
            6, 
            1, 
            6, 
            100000, 
            'Casa'); 

INSERT INTO emprestimo 
VALUES     (27, 
            7, 
            2, 
            7, 
            100000, 
            'Universidade'); 

INSERT INTO emprestimo 
VALUES     (28, 
            8, 
            20, 
            8, 
            500, 
            'Viagem'); 

INSERT INTO emprestimo 
VALUES     (29, 
            9, 
            50, 
            9, 
            1000000, 
            'Casa de férias'); 

INSERT INTO deposito 
VALUES     (30, 
            0, 
            0, 
            100); 

INSERT INTO associa 
VALUES     (0, 
            0); 

INSERT INTO associa 
VALUES     (1, 
            1); 

INSERT INTO associa 
VALUES     (0, 
            2); 

INSERT INTO associa 
VALUES     (0, 
            3); 

INSERT INTO associa 
VALUES     (9, 
            4); 

INSERT INTO associa 
VALUES     (3, 
            5); 

INSERT INTO associa 
VALUES     (4, 
            6); 

INSERT INTO associa 
VALUES     (0, 
            7); 

INSERT INTO associa 
VALUES     (0, 
            8); 

INSERT INTO associa 
VALUES     (9, 
            9); 

INSERT INTO associa 
VALUES     (0, 
            10); 

INSERT INTO associa 
VALUES     (1, 
            11); 

INSERT INTO associa 
VALUES     (2, 
            12); 

INSERT INTO associa 
VALUES     (3, 
            13); 

INSERT INTO associa 
VALUES     (4, 
            14); 

INSERT INTO associa 
VALUES     (5, 
            15); 

INSERT INTO associa 
VALUES     (6, 
            16); 

INSERT INTO associa 
VALUES     (7, 
            17); 

INSERT INTO associa 
VALUES     (8, 
            18); 

INSERT INTO associa 
VALUES     (9, 
            19); 

INSERT INTO associa 
VALUES     (0, 
            20); 

INSERT INTO associa 
VALUES     (1, 
            21); 

INSERT INTO associa 
VALUES     (2, 
            22); 

INSERT INTO associa 
VALUES     (3, 
            23); 

INSERT INTO associa 
VALUES     (4, 
            24); 

INSERT INTO associa 
VALUES     (5, 
            25); 

INSERT INTO associa 
VALUES     (6, 
            26); 

INSERT INTO associa 
VALUES     (7, 
            27); 

INSERT INTO associa 
VALUES     (8, 
            28); 

INSERT INTO associa 
VALUES     (9, 
            29); 

INSERT INTO tem 
VALUES     (0, 
            1234567); 

INSERT INTO tem 
VALUES     (1, 
            1234566); 

INSERT INTO tem 
VALUES     (2, 
            1234565); 

INSERT INTO tem 
VALUES     (3, 
            1234564); 

INSERT INTO tem 
VALUES     (4, 
            1234563); 

INSERT INTO tem 
VALUES     (5, 
            1234568); 

INSERT INTO tem 
VALUES     (6, 
            1234569); 

INSERT INTO tem 
VALUES     (7, 
            1234570); 

INSERT INTO tem 
VALUES     (8, 
            1234571); 

INSERT INTO tem 
VALUES     (9, 
            1234572); 

INSERT INTO solicitacao 
VALUES     (3, 
            1234564); 

INSERT INTO solicitacao 
VALUES     (4, 
            1234563); 

INSERT INTO solicitacao 
VALUES      (30, 
             1234567); 

INSERT INTO solicitacao 
VALUES      (10, 
             1234567); 

INSERT INTO solicitacao 
VALUES      (11, 
             1234566); 

INSERT INTO solicitacao 
VALUES      (12, 
             1234565); 

INSERT INTO solicitacao 
VALUES     (20, 
            1234567); 

INSERT INTO solicitacao 
VALUES     (21, 
            1234566); 

INSERT INTO solicitacao 
VALUES     (22, 
            1234565); 

INSERT INTO solicitacao 
VALUES     (23, 
            1234564); 

INSERT INTO solicitacao 
VALUES     (1, 
            1234566); 

INSERT INTO solicitacao 
VALUES     (2, 
            1234567); 

INSERT INTO solicitacao 
VALUES     (5, 
            1234564); 

INSERT INTO solicitacao 
VALUES     (6, 
            1234563); 

INSERT INTO solicitacao 
VALUES     (7, 
            1234567); 

INSERT INTO solicitacao 
VALUES     (8, 
            1234567); 

INSERT INTO solicitacao 
VALUES     (9, 
            1234572); 

INSERT INTO solicitacao 
VALUES     (24, 
            1234563); 

INSERT INTO solicitacao 
VALUES     (25, 
            1234568); 

INSERT INTO solicitacao 
VALUES     (26, 
            1234569); 

INSERT INTO solicitacao 
VALUES     (27, 
            1234570); 

INSERT INTO solicitacao 
VALUES     (28, 
            1234571); 

INSERT INTO solicitacao 
VALUES     (29, 
            1234572); 

INSERT INTO solicitacao 
VALUES     (13, 
            1234564); 

INSERT INTO solicitacao 
VALUES     (14, 
            1234563); 

INSERT INTO solicitacao 
VALUES     (15, 
            1234568); 

INSERT INTO solicitacao 
VALUES     (16, 
            1234569); 

INSERT INTO solicitacao 
VALUES     (17, 
            1234570); 

INSERT INTO solicitacao 
VALUES     (18, 
            1234571); 

INSERT INTO solicitacao 
VALUES     (19, 
            1234572); 